username,password
123,$2a$10$DjKGF9A9vLgKArP/8dOeVOcRohMQxl/6Q2zLNxDSf.YEFrkWl34Ni
11,$2a$10$rL2oWnJAnpDDV.clPOJSOO.zPSna/cz3JTgT1RlMtTL/94f5ezwye
110,$2a$10$05wiJzvOsmhQaDHdRtIem.JMqwNtaBkmtIzQMYwgoxH0P1.haDEC2
156,$2a$10$Bqz89uXD33IbUiY4TnHKw.ghuGqaY.FNlsyxWyWu.TbOonnwF/dBK
twilight,$2a$10$kPzVoHe4cPoqhO2kvqnjNeLSyqOJQ5GE5P74is2Z5w2dxGhEdszci
1234,$2a$10$gwhQxqYI3D5XIkFb7QWlM.P66l1d2OCZ/c6a8f6xA.u.ZRpqVqD5G
12345,$2a$10$whr5PzhIyS86zz6YVjHjMuQI8tQqm8iOG/3hwNkdOPYAv4mbh.cHC
123456,$2a$10$pi70SNadY3efP7S4IjobOumCINlGAkuU4pRafwWDGzxDlSgJKAEBi
567,$2a$10$28Tprkh6OtlW7M5q5FHEE.AZ1/8eDIAcIb/p6cJHqWnK.AJeYWdOe
