name,item_id,text,
优缺点,1,,
优点,2,优点；可强迫开发人员采用规范的方法（如结构化技术）；严格地规定了每个阶段必须提交的文档；要求每个阶段交出的所有产品都必须经过质量保证小组的仔细验证；强调开发的阶段性；强调早期计划及需求调查；强调产品测试。,下列不是瀑布模型优点的是：A.可强迫开发人员采用规范的方法（如结构化技术）B.严格地规定了每个阶段必须提交的文档C.要求每个阶段交出的所有产品都必须经过质量保证小组的仔细验证。D.完全依赖书面的规格说明。答案D
缺点,3,缺点：瀑布模型是由文档驱动，在可运行的软件产品交付给用户之前，用户只能通过文档来了解产品是什么样的。瀑布模型几乎完全依赖于书面的规格说明，很可能导致最终开发出的软件产品不能真正满足用户的需要。也不适合需求模糊的系统；过于依赖早期唯一一次需求调查；单一流程，开发中的经验教训不能反馈用于本产品的过程；造成软件错误的积累和放大效应。,下列不是瀑布模型缺点的是：A瀑布模型是由文档驱动，在可运行的软件产品交付给用户之前，用户只能通过文档来了解产品是什么样的。B强迫开发人员采用规范的方法C瀑布模型几乎完全依赖于书面的规格说明，很可能导致最终开发出的软件产品不能真正满足用户的需要。D也不适合需求模糊的系统。答案：B
应用,4,,
应用的实例,5,"1. NASA 的阿波罗计划
需求分析阶段：明确将人类送上月球这一核心目标，同时可能涉及到对太空飞行的各项具体要求，如飞船的性能指标（包括运载能力、飞行速度、轨道参数等）、宇航员在太空及月球表面的生存保障需求（氧气供应、食物储备、太空服功能等）、与地球控制中心的通讯需求等。这些需求的确定为后续阶段奠定了基础。
设计阶段：根据需求设计出整个阿波罗计划的架构，包括飞船的整体构造（如指令舱、服务舱、登月舱的设计及相互连接方式）、火箭的选型及设计（确定土星系列火箭的具体规格和性能参数）、飞行轨道的规划、月球着陆及返回的方案设计等。
实施阶段：按照设计方案进行实际的制造和组装工作，包括飞船各个舱段的建造、火箭的制造和集成、相关设备及系统的安装调试等，将设计蓝图转化为实际可运行的硬件和软件系统。
测试阶段：对制造完成的飞船、火箭以及整个航天系统进行全面的测试。例如，对飞船的各项性能指标进行地面测试（如模拟太空环境下的设备运行测试、通讯测试等），对火箭进行发射前的静态测试和动态测试（检查火箭发动机性能、飞行姿态控制等），还会进行模拟登月及返回的演练测试等，以确保各部分在实际太空任务中能正常运行。
维护阶段：在整个阿波罗计划实施过程中，持续对设备和系统进行维护，确保其处于最佳状态。在任务前，对飞船、火箭等进行定期检查和保养；在任务期间，通过地面控制中心实时监控设备状态并及时处理可能出现的故障；任务结束后，对返回的设备进行全面检修和评估，为后续任务积累经验。
2. 奔驰汽车的产品开发
需求分析阶段：通过市场调研了解消费者对汽车的需求，如车辆的性能方面（动力、操控、燃油经济性等）、舒适性需求（座椅舒适度、车内空间、噪音控制等）、安全性需求（主动安全系统、被动安全配置等）以及外观设计喜好等，从而确定新产品的定位和具体需求指标。
设计阶段：依据需求设计车型，包括车身外观设计（线条、造型、颜色搭配等）、内饰设计（仪表盘布局、座椅样式、中控台功能等）、车辆的动力系统设计（发动机选型、变速器匹配等）、底盘悬挂系统设计等，形成完整的汽车设计方案。
实施阶段：按照设计方案进行汽车的生产制造，包括冲压、焊接、涂装、总装等工艺流程，将设计中的各个零部件转化为实际的汽车产品，同时进行相关软件系统（如车载娱乐系统、行车电脑等）的安装和调试。
测试阶段：对生产出来的原型车及后续量产车进行多种测试。性能测试方面，进行加速、刹车、操控稳定性等测试；舒适性测试包括乘坐体验、噪音测试等；安全性测试涵盖碰撞测试、主动安全系统的实际效果测试等，确保车辆符合各项设计要求和市场标准。
维护阶段：在汽车销售后，通过售后服务网络为车主提供车辆的维护保养服务，包括定期保养（更换机油、滤清器等）、故障维修、软件更新等，以保证车辆在使用过程中始终保持良好的性能和安全性。
3. 联合国的信息系统建设
需求分析阶段：详细分析联合国各部门及全球范围内的业务需求，如不同国家分支机构之间的信息共享需求、各类项目数据的管理需求（包括数据录入、查询、统计分析等）、国际会议及活动的组织协调相关的信息处理需求等，明确信息系统要实现的功能和目标。
设计阶段：根据需求制定信息系统的整体架构设计，包括数据库设计（确定数据存储结构、表关系等）、软件模块设计（如用户管理模块、数据处理模块、报表生成模块等）、网络架构设计（确定服务器分布、网络拓扑结构等），规划出系统的各个组成部分及其相互关系。
实施阶段：按照设计方案进行信息系统的开发和部署，包括编写代码实现各个软件模块的功能、搭建服务器环境、配置网络设备、进行数据迁移和录入等工作，将设计转化为实际可运行的信息系统。
测试阶段：对建成的信息系统进行全面测试，包括功能测试（检查各个模块是否实现了设计的功能）、性能测试（评估系统在不同负载下的响应速度、处理能力等）、安全测试（检测系统的安全性漏洞、数据保护措施等）、兼容性测试（确保系统在不同操作系统、浏览器等环境下能正常运行），保证系统满足各项需求。
维护阶段：在信息系统上线运行后，持续进行维护工作，包括系统的日常监控（实时关注系统状态、性能指标等）、故障排除（及时处理系统出现的故障）、软件更新（根据业务需求和技术发展进行软件升级）、数据备份与恢复（确保数据的安全性和完整性），以确保信息系统的稳定运行。
4. IBM CICS
需求分析阶段：针对 CICS 作为事务处理服务器在金融和其他行业企业中的应用需求进行深入分析。例如，了解金融交易处理的具体要求（如交易的并发处理能力、数据的准确性和一致性要求、交易的实时性要求等），以及企业内部不同部门对事务处理的需求（如客户服务部门对客户信息查询和修改的需求、财务部门对账务处理的需求等），明确 CICS 需要具备的各项功能和性能指标。
设计阶段：根据需求设计 CICS 的架构，包括服务器端的架构设计（如处理核心的设计、内存管理机制设计、磁盘 I/O 设计等）、事务处理流程设计（定义交易的发起、处理、提交和回滚等流程）、数据存储设计（确定数据的存储方式、索引设计等）、用户接口设计（方便企业用户进行操作的界面设计）等，形成完整的设计方案。
实施阶段：按照设计方案进行 CICS 的开发工作，编写代码实现服务器端的各个功能模块（如交易处理模块、数据管理模块、用户接口模块等），进行系统的集成和调试，将设计转化为实际可运行的软件产品。
测试阶段：对开发完成的 CICS 进行全面测试。功能测试方面，检查各个功能模块是否实现了设计的功能，如交易处理是否准确、数据管理是否符合要求等；性能测试评估 CICS 在高并发交易情况下的响应速度、处理能力等；可靠性测试包括对系统在长时间运行过程中出现故障的概率及恢复能力的测试；兼容性测试确保 CICS 在不同的操作系统、数据库等环境下能正常运行。
维护阶段：在 CICS 投入使用后，持续进行维护工作。包括对系统的日常监控（实时关注系统状态、性能指标等）、故障排除（及时处理系统出现的故障）、软件更新（根据业务需求和技术发展进行软件升级）、数据备份与恢复（确保数据的完整性和安全性），以确保 CICS 满足企业对高可用性、高可靠性的要求。                                                                                                                                          5.某银行的银行管理系统                                                                                                                                                                                                                                                                                                                                   某银行决定开发一个新的银行管理系统，以提高客户服务效率和内部管理水平。该系统需要包括客户账户管理、交易处理、贷款管理和报表生成等功能。由于银行的业务流程相对稳定，需求明确，因此选择了瀑布模型作为开发方法。                                                                                                                                                                                                                                                                                                  需求分析阶段：项目团队与银行的相关部门进行了多次会议，收集和分析用户需求。通过与客户的沟通，团队确定了系统的主要功能模块，包括：
客户账户管理：开户、销户、账户查询等。
交易处理：存款、取款、转账等。
贷款管理：贷款申请、审批、还款等。
报表生成：生成各类财务报表和客户报表。
在这一阶段，团队还编写了详细的需求文档，明确了系统的功能、性能和安全性要求。需求文档经过客户的审核和确认后，作为后续开发的基础。
系统设计阶段：开发团队根据需求文档进行系统的高层设计和详细设计。高层设计包括系统架构的选择、模块划分和数据库设计。详细设计则包括每个模块的具体功能、接口定义和数据流。
例如，团队决定使用三层架构（表示层、业务逻辑层和数据访问层）来设计系统，以提高系统的可维护性和扩展性。同时，数据库设计采用关系型数据库，设计了客户、账户、交易和贷款等表结构。在实现阶段，开发团队根据设计文档进行编码。每个开发人员负责一个或多个模块的实现，使用Java编程语言和Spring框架进行开发。团队定期进行代码审查，确保代码质量和一致性。
测试阶段：在这一阶段，开发人员还编写了单元测试用例，以便在模块完成后进行单元测试，确保每个模块的功能符合设计要求。                                                                     测试阶段分为多个子阶段，包括单元测试、集成测试、系统测试和验收测试。
单元测试：开发人员对每个模块进行单元测试，验证模块的功能是否正常。通过自动化测试工具，团队能够快速发现并修复代码中的缺陷。
集成测试：在所有模块完成后，团队将各个模块集成在一起，进行集成测试，确保模块之间的交互正常。
系统测试：对整个系统进行全面测试，包括功能测试、性能测试和安全性测试。测试团队模拟真实用户场景，验证系统在不同负载下的表现。
验收测试：最后，项目团队与银行的用户一起进行验收测试，确认系统是否满足用户的需求和期望。
部署阶段：经过几轮测试和反馈，系统最终获得了用户的批准在系统通过验收测试后，团队开始进行系统部署。部署过程包括将系统安装到银行的服务器上，配置数据库和网络环境，并进行必要的系统集成。
同时，团队还为银行的员工提供了培训，帮助他们熟悉新系统的操作流程。培训内容包括系统的基本功能、常见问题处理和客户服务技巧系统上线后，进入维护阶段。项目团队继续与银行保持联系，收集用户反馈，及时修复系统中的缺陷，并根据用户的需求进行系统的更新和升级。
维护阶段：团队还定期进行系统的性能监控，确保系统的稳定性和安全性。根据银行的业务发展，团队可能会在未来的版本中增加新的功能模块。 ",以下不是瀑布模型应用实例的是：A：评论系统 B：奔驰汽车的开发 C：NASA的阿波罗计划 D：联合国的信息系统建设 答案：A
应用的过程,6,"1. 需求分析（Requirements Analysis）
活动：与客户和利益相关者进行沟通，收集和分析需求。
确定系统的功能需求和非功能需求（如性能、安全性等）。
编写需求规格说明书（SRS），详细描述系统的预期功能和约束条件。
输出：
需求规格说明书（SRS）
需求确认文档
2. 系统设计（System Design）

活动：
根据需求规格说明书，设计系统架构和模块划分。
设计数据库结构、用户界面和系统接口。
编写设计文档，描述系统的技术细节和设计决策。
输出：
系统设计文档（SDD）
数据库设计文档
用户界面原型
3. 实现（Implementation）

活动：
根据设计文档进行编码，开发系统的各个模块。
进行单元测试，确保每个模块的功能正确。
记录代码和开发过程中的重要信息。
输出：
源代码
单元测试报告
4. 测试（Testing）

活动：
进行集成测试，确保各个模块能够正确协同工作。
进行系统测试，验证系统是否满足需求规格说明书中的要求。
进行用户验收测试（UAT），让客户确认系统的功能和性能。
输出：
测试计划
测试用例和测试结果
用户验收测试报告
5. 部署（Deployment）

活动：
将系统部署到生产环境，进行必要的配置和优化。
提供用户培训，帮助用户熟悉系统的使用。
发布用户手册和技术文档。
输出：
部署文档
用户手册
培训材料
6. 维护（Maintenance）

活动：
监控系统的运行状态，收集用户反馈。
修复发现的缺陷和问题，进行系统更新和升级。
根据用户需求的变化，进行功能扩展和改进。
输出：
维护记录
更新和升级文档",下列不是瀑布模型过程的是：A：需求分析 B：测试 C：构建原型 D：编码 答案：C
概念,7,瀑布模型，又称为预测型生命周期或完全计划驱动型生命周期，是软件开发过程中的一个经典模型。它要求在项目生命周期的早期阶段就确定项目范围以及交付该范围所需的时间和成本。在瀑布模型中，项目启动时，团队会专注于定义产品和项目的总体范围，随后制定产品交付计划，并通过各个阶段执行这一计划。项目范围的变更应当被仔细管理，任何新增范围都需要重新计划和正式确认。,下列说法是否正确：增量模型，又称为预测型生命周期或完全计划驱动型生命周期，是软件开发过程中的一个经典模型。它要求在项目生命周期的早期阶段就确定项目范围以及交付该范围所需的时间和成本。在瀑布模型中，项目启动时，团队会专注于定义产品和项目的总体范围，随后制定产品交付计划，并通过各个阶段执行这一计划。项目范围的变更应当被仔细管理，任何新增范围都需要重新计划和正式确认。A正确 B错误答案：B
相关理论,8,,软件生命周期模型不包括：A：瀑布模型 B：用例模型 C：增量模型 D：螺旋模型 答案：B
变体,9,,
V模型,10,"RAD (Rap Application Development,快速应用开发) 模型是软件开发过程中的一个重要模型，由于其模型构图形似字母V，所以又称软件开发的V模型。它通过开发和测试同时进行的方式来缩短开发周期，提高开发效率。","下列说法是否正确：RAD (Rap Application Development,快速应用开发) 模型是软件开发过程中的一个重要模型，由于其模型构图形似字母V，所以又称软件开发的V模型。它通过开发和测试同时进行的方式来缩短开发周期，提高开发效率。A正确 B错误 答案：A"
相对理论,11,,
敏捷开发,12,敏捷开发以用户的需求进化为核心，采用迭代、循序渐进的方法进行软件开发。在敏捷开发中，软件项目在构建初期被切分成多个子项目，各个子项目的成果都经过测试，具备可视、可集成和可运行使用的特征。换言之，就是把一个大项目分为多个相互联系，但也可独立运行的小项目，并分别完成，在此过程中软件一直处于可使用状态。,下列说法是否正确：敏捷开发以用户的需求进化为核心，采用迭代、循序渐进的方法进行软件开发。在敏捷开发中，软件项目在构建初期被切分成多个子项目，各个子项目的成果都经过测试，具备可视、可集成和可运行使用的特征。换言之，就是把一个大项目分为多个相互联系，但也可独立运行的小项目，并分别完成，在此过程中软件一直处于可使用状态。A正确 B错误 答案：A
螺旋模型,13,螺旋模型是一种演化软件开发过程模型，它兼顾了快速原型的迭代的特征以及瀑布模型的系统化与严格监控。螺旋模型最大的特点在于引入了其他模型不具备的风险分析，使软件在无法排除重大风险时有机会停止，以减小损失。同时，在每个迭代阶段构建原型是螺旋模型用以减小风险的途径。螺旋模型更适合大型的昂贵的系统级的软件应用。,下列说法是否正确：螺旋模型是一种演化软件开发过程模型，它兼顾了快速原型的迭代的特征以及瀑布模型的系统化与严格监控。螺旋模型最大的特点在于引入了其他模型不具备的风险分析，使软件在无法排除重大风险时有机会停止，以减小损失。同时，在每个迭代阶段构建原型是螺旋模型用以减小风险的途径。螺旋模型更适合大型的昂贵的系统级的软件应用。A正确 B错误 答案：A
背景与发展历史,14,,
起源,15,1960年代：瀑布模型的概念最早在1960年代提出，主要用于大型软件项目的开发。其基础思想是将软件开发过程分为多个阶段，每个阶段都有明确的目标和输出。Winston W. Royce：在1970年，Winston W. Royce发表了一篇论文，描述了软件开发的阶段性过程，虽然他并没有明确提出“瀑布模型”这一术语，但他的工作为后来的瀑布模型奠定了基础。,瀑布模型多少年提出的：A:1940 B:1950 C:1960 D:1970 答案：C
演变,16,"1.迭代和增量模型的出现
1980年代：为了克服瀑布模型的局限性，迭代和增量模型开始出现。这些模型允许在开发过程中进行多次迭代，逐步完善系统。
增量开发：将系统分为多个小的增量，每个增量都可以独立开发和测试，用户可以在每个增量完成后进行反馈。
2. 敏捷开发的兴起
1990年代末：敏捷开发方法（如Scrum和Extreme Programming）开始流行，强调灵活性、快速迭代和用户反馈。敏捷方法与瀑布模型形成鲜明对比，适应快速变化的需求。
敏捷宣言：2001年，敏捷宣言的发布标志着敏捷开发的正式确立，强调个体和交互、工作的软件、客户合作和响应变化的重要性。
3. 现代软件开发方法
DevOps和持续集成：近年来，DevOps和持续集成/持续交付（CI/CD）等方法的兴起，进一步推动了软件开发的灵活性和效率。这些方法强调开发和运维的协作，自动化测试和部署流程。
混合模型：许多组织开始采用混合模型，将瀑布模型与敏捷方法结合，以适应不同项目的需求。",迭代和增量模型是什么时候发明的：A:1976 B:1980 C:1988 D:1982 答案：B
应用原则,17,"需求明确
阶段划分
计划管理
风险控制
质量保证
用户参与
变更管理
维护支持
适用性评估",下列不是瀑布模型应用原则的是：A:需求明确 B:阶段划分 C:计划管理 D:效率提升 答案：D
,,,下列不是瀑布模型优点的是：A：强调开发的阶段性 B：强调早期计划及需求调查 C：强调各开发阶段的质量 D：强调产品测试 答案：C
,,,下列不是瀑布模型缺点的是：A：依赖早期唯一一次需求调查 B：需要严格的过程管控 C：造成软件错误的积累和放大效应 D：开发中的经验教训不能反馈用于本产品的过程
,,,软件工程中描述生命周期的瀑布模型一般包括计划、需求分析、设计、编码、（）、维护等几个阶段 A：产品发布 B：版本更新 C：可行性分析 D：测试 答案：D
,,,软件开发的瀑布模型，一般都将开发过程分为：分析、设计、编码、测试等阶段，一般认为可能占用人员最多的阶段是：A：分析阶段 B：设计阶段 C：编码阶段 D：测试阶段 答案：C
,,,V模型是瀑布模型的变体 A：正确 B：错误 答案：A
,,,在瀑布模型中，（ ）阶段主要确定系统 “做什么”。A：设计 B：编码 C：需求分析 D：测试 答案：C
,,,瀑布模型适用于（）样的项目 A：需求不明确 B：需求明确、稳定的项目 C：规模较小且需求频繁变更的项目 D：创新型较强的项目 答案：B
,,,下列关于瀑布模型说法错误的是：A：文档驱动，每个阶段都有大量文档产生 B：风险后置，若后期发现前期项目修改成本较高 C：可以快速相应需求的变化 D：强调阶段评审 答案：C
,,,瀑布模型中，哪个阶段的主要任务是将设计转化为可执行的代码？A. 需求分析阶段 B. 设计阶段 C. 编码阶段 D. 测试阶段 答案：C
,,,瀑布模型的阶段顺序正确的是：A. 编码 - 设计 - 需求分析 - 测试 - 维护 B. 需求分析 - 设计 - 编码 - 测试 - 维护 C. 设计 - 需求分析 - 编码 - 测试 - 维护 D. 需求分析 - 编码 - 设计 - 测试 - 维护 答案：B
,,,在瀑布模型中，需求变更通常会导致：A. 只需修改当前阶段的文档和成果 B. 对后续阶段没有影响 C. 可能需要回溯到前面多个阶段进行修改，成本较高 D. 可以快速在后续阶段融入变更，不影响进度 答案：C
,,,瀑布模型中，设计阶段的输出不包括：A. 系统架构图 B. 详细的模块接口说明 C. 测试用例 D. 数据库设计文档 答案：C
,,,对于一个全新的、技术成熟但需求非常明确的企业级信息管理系统开发，瀑布模型（ ）A. 非常适用，能高效完成项目 B. 不太适用，因为企业级系统需求易变 C. 适用，但需要频繁调整开发流程 D. 仅适用于部分模块开发，不能用于整个系统 答案：A
,,,与敏捷开发模型相比，瀑布模型更注重（ ）。A. 团队成员之间的紧密协作和快速响应变化 B. 项目的计划性和文档的完整性 C. 客户在开发过程中的深度参与 D. 快速迭代和产品功能的逐步完善 答案：B
,,,在瀑布模型里，如果在测试阶段发现需求规格说明书存在错误，修改该错误的成本通常（ ）。A. 较低，因为有完善的文档记录 B. 较高，可能需要回溯到需求分析阶段重新修改并影响多个后续阶段 C. 与在设计阶段发现错误时相同 D. 无法确定，取决于错误的具体类型 答案：B
,,,瀑布模型的设计阶段主要包括（ ）。A. 总体设计和详细设计 B. 界面设计和数据库设计 C. 算法设计和代码结构设计 D. 功能设计和性能设计 答案：A
,,,瀑布模型中，测试阶段的主要目的是：A. 发现编码错误并修正 B. 检查软件是否满足需求规格说明书的要求 C. 优化软件性能 D. 为软件添加新功能 答案：B
,,,以下关于瀑布模型各阶段评审的说法正确的是： A. 只有需求分析阶段评审重要，其他阶段可省略 B. 评审只是形式，不影响项目推进 C. 各阶段评审有助于提前发现错误，降低后期修改成本 D. 评审只针对代码质量 答案：C